{
  "mean_wer": 0.21949907703958849,
  "mean_cer": 0.053458627816442235,
  "num_samples": 50
}